{
    "version": 8,
    "name": "CZMil",
    "metadata": {"mapbox:autocomposite": true, "mapbox:type": "template"},
    "center": [14.382484529880685, 50.00430823902121],
    "zoom": 11.662856221605594,
    "bearing": 0,
    "pitch": 0,
    "sources": {
        "composite": {
            "url": "mapbox://mapbox.mapbox-terrain-v2,mapbox.mapbox-streets-v7,severak.a7sc5i6y",
            "type": "vector"
        }
    },
    "sprite": "mapbox://sprites/severak/ciplafpqp000hd6m7wtgaie7x",
    "glyphs": "mapbox://fonts/severak/{fontstack}/{range}.pbf",
    "layers": [
        {
            "id": "background",
            "type": "background",
            "paint": {"background-color": "#fff"},
            "interactive": true
        },
        {
            "id": "wood",
            "type": "fill",
            "source": "composite",
            "source-layer": "landuse",
            "filter": [
                "all",
                ["in", "$type", "LineString", "Polygon"],
                ["in", "class", "", "cemetery", "wood"]
            ],
            "layout": {"visibility": "visible"},
            "paint": {"fill-color": "#E8EEC3"},
            "interactive": true
        },
        {
            "id": "green",
            "type": "fill",
            "source": "composite",
            "source-layer": "landuse",
            "filter": ["in", "class", "grass", "park", "piste"],
            "layout": {"visibility": "visible"},
            "paint": {"fill-color": "#F1F6E7"},
            "interactive": true
        },
        {
            "id": "major road casing tunnel",
            "type": "line",
            "source": "composite",
            "source-layer": "road",
            "filter": [
                "all",
                ["==", "structure", "tunnel"],
                [
                    "in",
                    "class",
                    "motorway",
                    "motorway_link",
                    "primary",
                    "secondary",
                    "tertiary",
                    "trunk"
                ]
            ],
            "layout": {"visibility": "none"},
            "paint": {"line-width": 4, "line-dasharray": [1, 1]},
            "interactive": true
        },
        {
            "id": "minor road casing tunnel",
            "type": "line",
            "source": "composite",
            "source-layer": "road",
            "filter": [
                "all",
                ["==", "structure", "tunnel"],
                [
                    "in",
                    "class",
                    "",
                    "link",
                    "service",
                    "street",
                    "street_limited"
                ]
            ],
            "layout": {"visibility": "none"},
            "paint": {"line-width": 4},
            "interactive": true
        },
        {
            "id": "major road fill tunnel",
            "type": "line",
            "source": "composite",
            "source-layer": "road",
            "filter": [
                "all",
                ["==", "structure", "tunnel"],
                [
                    "in",
                    "class",
                    "motorway",
                    "motorway_link",
                    "primary",
                    "secondary",
                    "tertiary",
                    "trunk"
                ]
            ],
            "layout": {"visibility": "visible"},
            "paint": {
                "line-width": 2,
                "line-color": "#E99222",
                "line-dasharray": [2, 2]
            },
            "interactive": true
        },
        {
            "id": "minor road fill tunnel",
            "paint": {"line-width": 2, "line-color": "#fff"},
            "interactive": true,
            "ref": "minor road casing tunnel"
        },
        {
            "id": "railway tunnel",
            "type": "line",
            "source": "composite",
            "source-layer": "road",
            "filter": [
                "all",
                ["==", "class", "major_rail"],
                ["==", "structure", "tunnel"]
            ],
            "layout": {"visibility": "visible"},
            "paint": {
                "line-color": "#000000",
                "line-width": 2,
                "line-dasharray": [2, 3]
            },
            "interactive": true
        },
        {
            "id": "contour",
            "type": "line",
            "source": "composite",
            "source-layer": "contour",
            "layout": {"visibility": "visible"},
            "paint": {"line-color": "#E99222"},
            "interactive": true
        },
        {
            "id": "green border",
            "type": "line",
            "source": "composite",
            "source-layer": "landuse",
            "filter": ["in", "class", "grass", "park", "piste"],
            "layout": {},
            "paint": {"line-dasharray": [1, 6]},
            "interactive": true
        },
        {
            "id": "wood border",
            "type": "line",
            "source": "composite",
            "source-layer": "landuse",
            "filter": [
                "all",
                ["in", "$type", "LineString", "Polygon"],
                ["in", "class", "", "cemetery", "wood"]
            ],
            "layout": {},
            "paint": {
                "line-color": "#000",
                "line-dasharray": [1, 6],
                "line-width": 1
            },
            "interactive": true
        },
        {
            "id": "waterway",
            "type": "line",
            "source": "composite",
            "source-layer": "waterway",
            "layout": {"visibility": "visible"},
            "paint": {"line-color": "#1980AA"},
            "interactive": true
        },
        {
            "id": "water",
            "type": "fill",
            "source": "composite",
            "source-layer": "water",
            "layout": {"visibility": "visible"},
            "paint": {"fill-outline-color": "#1980AA", "fill-color": "#C9E7F6"},
            "interactive": true
        },
        {
            "id": "building",
            "type": "fill",
            "source": "composite",
            "source-layer": "building",
            "layout": {"visibility": "visible"},
            "paint": {"fill-color": "#000000"},
            "interactive": true
        },
        {
            "id": "track",
            "type": "line",
            "metadata": {},
            "source": "composite",
            "source-layer": "road",
            "filter": ["==", "class", "track"],
            "layout": {"visibility": "visible"},
            "paint": {"line-color": "#000", "line-dasharray": [3, 3]},
            "interactive": true
        },
        {
            "id": "major road casing",
            "type": "line",
            "source": "composite",
            "source-layer": "road",
            "filter": [
                "all",
                ["!in", "structure", "bridge", "ford", "tunnel"],
                [
                    "in",
                    "class",
                    "motorway",
                    "motorway_link",
                    "primary",
                    "secondary",
                    "tertiary",
                    "trunk"
                ]
            ],
            "layout": {"visibility": "visible"},
            "paint": {"line-width": 4},
            "interactive": true
        },
        {
            "id": "minor road casing",
            "type": "line",
            "source": "composite",
            "source-layer": "road",
            "filter": [
                "all",
                ["!in", "structure", "bridge", "ford", "tunnel"],
                [
                    "in",
                    "class",
                    "",
                    "link",
                    "service",
                    "street",
                    "street_limited"
                ]
            ],
            "layout": {"visibility": "visible"},
            "paint": {"line-width": 4},
            "interactive": true
        },
        {
            "id": "minor road fill",
            "paint": {"line-width": 2, "line-color": "#fff"},
            "interactive": true,
            "ref": "minor road casing"
        },
        {
            "id": "major road fill",
            "paint": {"line-width": 2, "line-color": "#E99222"},
            "interactive": true,
            "ref": "major road casing"
        },
        {
            "id": "railway minor",
            "type": "line",
            "source": "composite",
            "source-layer": "road",
            "filter": [
                "all",
                ["!in", "structure", "bridge", "tunnel"],
                ["==", "class", "minor_rail"]
            ],
            "layout": {"visibility": "visible"},
            "paint": {"line-color": "#000000", "line-width": 1},
            "interactive": true
        },
        {
            "id": "railway",
            "type": "line",
            "source": "composite",
            "source-layer": "road",
            "filter": [
                "all",
                ["!in", "structure", "bridge", "tunnel"],
                ["==", "class", "major_rail"]
            ],
            "layout": {"visibility": "visible"},
            "paint": {"line-color": "#000000", "line-width": 2},
            "interactive": true
        },
        {
            "id": "power pylon",
            "type": "circle",
            "metadata": {},
            "source": "composite",
            "source-layer": "cz_power",
            "filter": ["==", "$type", "Point"],
            "layout": {"visibility": "visible"},
            "paint": {"circle-radius": 3},
            "interactive": true
        },
        {
            "id": "power line",
            "type": "line",
            "metadata": {},
            "source": "composite",
            "source-layer": "cz_power",
            "filter": ["==", "$type", "LineString"],
            "layout": {"visibility": "visible"},
            "paint": {},
            "interactive": true
        },
        {
            "id": "major road casing bridge",
            "type": "line",
            "source": "composite",
            "source-layer": "road",
            "filter": [
                "all",
                ["==", "structure", "bridge"],
                [
                    "in",
                    "class",
                    "motorway",
                    "motorway_link",
                    "primary",
                    "secondary",
                    "tertiary",
                    "trunk"
                ]
            ],
            "layout": {"visibility": "visible"},
            "paint": {"line-width": 4},
            "interactive": true
        },
        {
            "id": "minor road casing bridge",
            "type": "line",
            "source": "composite",
            "source-layer": "road",
            "filter": [
                "all",
                ["==", "structure", "bridge"],
                [
                    "in",
                    "class",
                    "",
                    "link",
                    "service",
                    "street",
                    "street_limited"
                ]
            ],
            "layout": {"visibility": "visible"},
            "paint": {"line-width": 4},
            "interactive": true
        },
        {
            "id": "major road fill bridge",
            "paint": {"line-width": 2, "line-color": "#FFF"},
            "interactive": true,
            "ref": "major road casing bridge"
        },
        {
            "id": "minor road fill bridge",
            "paint": {"line-width": 2, "line-color": "#fff"},
            "interactive": true,
            "ref": "minor road casing bridge"
        },
        {
            "id": "railway bridge casing",
            "type": "line",
            "source": "composite",
            "source-layer": "road",
            "filter": [
                "all",
                ["==", "class", "major_rail"],
                ["==", "structure", "bridge"]
            ],
            "layout": {"visibility": "visible"},
            "paint": {"line-color": "#000000", "line-width": 4},
            "interactive": true
        },
        {
            "id": "railway bridge fill",
            "paint": {"line-color": "#FFF", "line-width": 2},
            "interactive": true,
            "ref": "railway bridge casing"
        },
        {
            "id": "city label",
            "type": "symbol",
            "source": "composite",
            "source-layer": "place_label",
            "filter": ["in", "type", "", "city", "town", "village"],
            "layout": {
                "text-field": "{name}",
                "text-transform": "uppercase",
                "text-font": [
                    "Arial Unicode MS Bold",
                    "Arial Unicode MS Regular"
                ]
            },
            "paint": {
                "text-halo-color": "#fff",
                "text-halo-width": 2,
                "text-color": "#000"
            },
            "interactive": true
        },
        {
            "id": "suburb label",
            "type": "symbol",
            "source": "composite",
            "source-layer": "place_label",
            "filter": ["in", "type", "", "suburb"],
            "layout": {
                "text-field": "{name}",
                "text-transform": "none",
                "text-font": [
                    "Arial Unicode MS Bold",
                    "Arial Unicode MS Regular"
                ]
            },
            "paint": {
                "text-halo-color": "#fff",
                "text-halo-width": 2,
                "text-color": "#000"
            },
            "interactive": true
        }
    ],
    "created": "2016-06-18T14:57:11.197Z",
    "id": "ciplafpqp000hd6m7wtgaie7x",
    "modified": "2016-06-20T12:52:00.663Z",
    "owner": "severak",
    "visibility": "private",
    "draft": false
}