{
    "version": 8,
    "name": "ColourIze",
    "metadata": {"mapbox:autocomposite": true, "mapbox:type": "template"},
    "center": [14.45867021034826, 50.09411113376893],
    "zoom": 15.387725214491605,
    "bearing": 0,
    "pitch": 0,
    "sources": {
        "composite": {
            "url": "mapbox://mapbox.mapbox-streets-v7,severak.cj3mt9ozp000033nmm15g3a3n-69ett",
            "type": "vector"
        }
    },
    "sprite": "mapbox://sprites/severak/civ0zr8hf01kh2jl83g7jv4jk",
    "glyphs": "mapbox://fonts/severak/{fontstack}/{range}.pbf",
    "layers": [
        {
            "id": "background",
            "type": "background",
            "paint": {"background-color": "#fdf6e3"}
        },
        {
            "id": "park",
            "type": "fill",
            "source": "composite",
            "source-layer": "landuse",
            "filter": ["in", "class", "grass", "park", "school"],
            "layout": {"visibility": "visible"},
            "paint": {"fill-pattern": "park"}
        },
        {
            "id": "wood",
            "type": "fill",
            "source": "composite",
            "source-layer": "landuse",
            "filter": ["in", "class", "cemetery", "wood"],
            "layout": {"visibility": "visible"},
            "paint": {"fill-pattern": "forest"}
        },
        {
            "id": "waterway",
            "type": "line",
            "source": "composite",
            "source-layer": "waterway",
            "layout": {"visibility": "visible"},
            "paint": {"line-color": "#268bd2", "line-width": 2}
        },
        {
            "id": "water",
            "type": "fill",
            "source": "composite",
            "source-layer": "water",
            "layout": {"visibility": "visible"},
            "paint": {"fill-pattern": "bluehatch"}
        },
        {
            "id": "railway tunnel",
            "type": "line",
            "source": "composite",
            "source-layer": "road",
            "filter": [
                "all",
                ["!=", "type", "tram"],
                ["==", "structure", "tunnel"],
                ["in", "class", "major_rail", "minor_rail"]
            ],
            "layout": {"visibility": "visible"},
            "paint": {
                "line-color": "#073642",
                "line-width": 2,
                "line-dasharray": [2, 2]
            }
        },
        {
            "id": "building",
            "type": "fill",
            "source": "composite",
            "source-layer": "building",
            "minzoom": 15,
            "layout": {"visibility": "visible"},
            "paint": {"fill-color": "#859900", "fill-pattern": "greyhatch"}
        },
        {
            "id": "building border",
            "type": "line",
            "source": "composite",
            "source-layer": "building",
            "minzoom": 15,
            "layout": {"visibility": "visible"},
            "paint": {"line-color": "#93a1a1", "line-opacity": 0.5}
        },
        {
            "id": "footway protect",
            "type": "line",
            "source": "composite",
            "source-layer": "road",
            "minzoom": 13,
            "filter": ["in", "class", "path", "pedestrian", "street_limited"],
            "layout": {"visibility": "visible"},
            "paint": {"line-color": "#fdf6e3", "line-width": 3}
        },
        {
            "id": "footway core",
            "type": "line",
            "source": "composite",
            "source-layer": "road",
            "minzoom": 13,
            "filter": [
                "in",
                "class",
                "",
                "path",
                "pedestrian",
                "street_limited"
            ],
            "layout": {"visibility": "visible"},
            "paint": {"line-color": "#cb4b16", "line-dasharray": [2, 2]}
        },
        {
            "id": "track protect",
            "type": "line",
            "source": "composite",
            "source-layer": "road",
            "filter": ["==", "class", "track"],
            "layout": {"visibility": "visible"},
            "paint": {"line-color": "#fdf6e3", "line-width": 5}
        },
        {
            "id": "track core",
            "type": "line",
            "source": "composite",
            "source-layer": "road",
            "filter": ["==", "class", "track"],
            "layout": {"visibility": "visible"},
            "paint": {"line-color": "#cb4b16", "line-dasharray": [4, 4]}
        },
        {
            "id": "road outline",
            "type": "line",
            "source": "composite",
            "source-layer": "road",
            "minzoom": 13,
            "filter": [
                "all",
                ["!in", "structure", "bridge", "ford", "tunnel"],
                [
                    "in",
                    "class",
                    "",
                    "link",
                    "motorway",
                    "motorway_link",
                    "primary",
                    "secondary",
                    "service",
                    "street",
                    "tertiary",
                    "trunk"
                ]
            ],
            "layout": {"visibility": "visible"},
            "paint": {"line-color": "#cb4b16", "line-width": 5}
        },
        {
            "id": "road fill",
            "type": "line",
            "source": "composite",
            "source-layer": "road",
            "minzoom": 13,
            "filter": [
                "all",
                ["!in", "structure", "bridge", "ford", "tunnel"],
                [
                    "in",
                    "class",
                    "",
                    "link",
                    "motorway",
                    "motorway_link",
                    "primary",
                    "secondary",
                    "service",
                    "street",
                    "tertiary",
                    "trunk"
                ]
            ],
            "layout": {"visibility": "visible"},
            "paint": {"line-color": "#fdf6e3", "line-width": 3}
        },
        {
            "id": "road lowzoom",
            "type": "line",
            "source": "composite",
            "source-layer": "road",
            "maxzoom": 13,
            "filter": [
                "all",
                ["!in", "structure", "bridge", "ford", "tunnel"],
                [
                    "in",
                    "class",
                    "",
                    "link",
                    "motorway",
                    "motorway_link",
                    "primary",
                    "secondary",
                    "street",
                    "tertiary",
                    "trunk"
                ]
            ],
            "layout": {"visibility": "visible"},
            "paint": {"line-color": "#cb4b16", "line-width": 1}
        },
        {
            "id": "railway",
            "type": "line",
            "source": "composite",
            "source-layer": "road",
            "filter": [
                "all",
                ["!=", "structure", "tunnel"],
                ["!in", "type", "subway", "tram"],
                ["in", "class", "major_rail", "minor_rail"]
            ],
            "layout": {"visibility": "visible"},
            "paint": {"line-color": "#073642", "line-width": 2}
        },
        {
            "id": "tram",
            "type": "line",
            "source": "composite",
            "source-layer": "road",
            "filter": [
                "all",
                ["!=", "structure", "tunnel"],
                ["==", "type", "tram"],
                ["in", "class", "major_rail", "minor_rail"]
            ],
            "layout": {"visibility": "visible"},
            "paint": {"line-color": "#dc322f", "line-width": 2}
        },
        {
            "id": "dead railway line",
            "type": "line",
            "source": "composite",
            "source-layer": "Popisky_-_Matika_Metropolis",
            "minzoom": 15,
            "filter": [
                "all",
                ["==", "$type", "LineString"],
                ["in", "dead", "", "railway"]
            ],
            "layout": {"visibility": "none"},
            "paint": {
                "line-color": "#b58900",
                "line-width": 2,
                "line-dasharray": [1, 1]
            }
        },
        {
            "id": "parking",
            "type": "fill",
            "source": "composite",
            "source-layer": "landuse",
            "minzoom": 13,
            "filter": ["==", "class", "parking"],
            "layout": {"visibility": "visible"},
            "paint": {"fill-color": "#fdf6e3", "fill-outline-color": "#cb4b16"}
        },
        {
            "id": "railway bridge outline",
            "type": "line",
            "source": "composite",
            "source-layer": "road",
            "filter": [
                "all",
                ["!=", "type", "tram"],
                ["==", "structure", "bridge"],
                ["in", "class", "major_rail", "minor_rail"]
            ],
            "layout": {"visibility": "visible"},
            "paint": {"line-color": "#073642", "line-width": 5}
        },
        {
            "id": "railway bridge core",
            "type": "line",
            "source": "composite",
            "source-layer": "road",
            "filter": [
                "all",
                ["!=", "type", "tram"],
                ["==", "structure", "bridge"],
                ["in", "class", "major_rail", "minor_rail"]
            ],
            "layout": {"visibility": "visible"},
            "paint": {"line-color": "#fdf6e3", "line-width": 2}
        },
        {
            "id": "road bridge outline",
            "type": "line",
            "source": "composite",
            "source-layer": "road",
            "filter": [
                "all",
                ["==", "structure", "bridge"],
                [
                    "in",
                    "class",
                    "",
                    "link",
                    "motorway",
                    "motorway_link",
                    "primary",
                    "secondary",
                    "street",
                    "tertiary",
                    "trunk"
                ]
            ],
            "layout": {"visibility": "visible"},
            "paint": {"line-color": "#cb4b16", "line-width": 5}
        },
        {
            "id": "road bridge fill",
            "type": "line",
            "source": "composite",
            "source-layer": "road",
            "filter": [
                "all",
                ["==", "structure", "bridge"],
                [
                    "in",
                    "class",
                    "",
                    "link",
                    "motorway",
                    "motorway_link",
                    "primary",
                    "secondary",
                    "street",
                    "tertiary",
                    "trunk"
                ]
            ],
            "layout": {"visibility": "visible"},
            "paint": {"line-color": "#fdf6e3", "line-width": 3}
        },
        {
            "id": "dead river",
            "type": "fill",
            "source": "composite",
            "source-layer": "Popisky_-_Matika_Metropolis",
            "minzoom": 15,
            "filter": [
                "all",
                ["==", "$type", "Polygon"],
                ["==", "dead", "river"]
            ],
            "layout": {"visibility": "none"},
            "paint": {
                "fill-color": "#268bd2",
                "fill-opacity": 0.3,
                "fill-pattern": "bluehatch"
            }
        },
        {
            "id": "water-label",
            "type": "symbol",
            "source": "composite",
            "source-layer": "waterway_label",
            "layout": {
                "visibility": "visible",
                "text-field": "{name}",
                "text-size": 12,
                "symbol-placement": "line"
            },
            "paint": {
                "text-color": "#268bd2",
                "text-halo-color": "#fdf6e3",
                "text-halo-width": 2
            }
        },
        {
            "id": "road-label",
            "type": "symbol",
            "source": "composite",
            "source-layer": "road_label",
            "minzoom": 14,
            "filter": ["!=", "class", "ferry"],
            "layout": {
                "text-field": "{name}",
                "symbol-placement": "line",
                "text-size": 12,
                "text-ignore-placement": false,
                "symbol-avoid-edges": false,
                "text-rotation-alignment": "map",
                "text-keep-upright": true
            },
            "paint": {
                "text-color": "#cb4b16",
                "text-halo-color": "#fdf6e3",
                "text-halo-width": 3
            }
        },
        {
            "id": "rail-station-label",
            "type": "symbol",
            "source": "composite",
            "source-layer": "rail_station_label",
            "filter": ["==", "maki", "rail"],
            "layout": {"visibility": "visible", "text-field": "{name}"},
            "paint": {
                "text-color": "#073642",
                "text-halo-color": "#fdf6e3",
                "text-halo-width": 3
            }
        },
        {
            "id": "dead river desc",
            "type": "symbol",
            "source": "composite",
            "source-layer": "Popisky_-_Matika_Metropolis",
            "minzoom": 15,
            "filter": [
                "all",
                ["==", "$type", "Polygon"],
                ["==", "dead", "river"]
            ],
            "layout": {
                "visibility": "none",
                "text-field": "{desc}",
                "text-max-angle": 40,
                "text-size": 12,
                "text-rotation-alignment": "map",
                "symbol-placement": "line"
            },
            "paint": {
                "text-color": "#268bd2",
                "text-halo-color": "#fdf6e3",
                "text-halo-width": 2
            }
        },
        {
            "id": "dead railway desc",
            "type": "symbol",
            "source": "composite",
            "source-layer": "Popisky_-_Matika_Metropolis",
            "minzoom": 15,
            "filter": [
                "all",
                ["==", "$type", "LineString"],
                ["==", "dead", "railway"]
            ],
            "layout": {
                "visibility": "none",
                "text-field": "{desc}",
                "symbol-placement": "line",
                "text-size": 12,
                "text-max-angle": 80
            },
            "paint": {
                "text-color": "#b58900",
                "text-halo-color": "#fdf6e3",
                "text-halo-width": 3
            }
        },
        {
            "id": "popisky maticka metropolis",
            "type": "symbol",
            "source": "composite",
            "source-layer": "Popisky_-_Matika_Metropolis",
            "minzoom": 15,
            "filter": ["==", "$type", "Point"],
            "layout": {
                "visibility": "none",
                "text-field": "{desc}",
                "text-size": 12,
                "text-font": [
                    "Open Sans Semibold Italic",
                    "Arial Unicode MS Regular"
                ]
            },
            "paint": {
                "text-color": "#b58900",
                "text-halo-color": "#fdf6e3",
                "text-halo-width": 2
            }
        },
        {
            "id": "metro logo entry",
            "type": "symbol",
            "source": "composite",
            "source-layer": "rail_station_label",
            "filter": ["==", "maki", "entrance"],
            "layout": {
                "visibility": "visible",
                "text-offset": [1.5, 0],
                "icon-image": "Prague_Metro_Line_X2",
                "icon-size": 0.1,
                "text-anchor": "left",
                "text-field": "{name}",
                "text-optional": true,
                "text-size": 12
            },
            "paint": {
                "text-halo-color": "#fdf6e3",
                "text-halo-width": 2,
                "text-color": "#073642"
            }
        },
        {
            "id": "metro logo station",
            "type": "symbol",
            "source": "composite",
            "source-layer": "rail_station_label",
            "maxzoom": 15,
            "filter": ["==", "maki", "rail-metro"],
            "layout": {
                "visibility": "visible",
                "text-offset": [1.5, 0],
                "icon-image": "Prague_Metro_Line_X2",
                "icon-size": 0.1,
                "text-anchor": "left",
                "text-field": "{name}",
                "text-size": 12
            },
            "paint": {
                "text-halo-color": "#fdf6e3",
                "text-halo-width": 2,
                "text-color": "#073642"
            }
        },
        {
            "id": "placename",
            "type": "symbol",
            "source": "composite",
            "source-layer": "place_label",
            "maxzoom": 15,
            "layout": {
                "visibility": "visible",
                "text-field": "{name}",
                "text-size": 18
            },
            "paint": {
                "text-color": "#cb4b16",
                "text-halo-color": "#fdf6e3",
                "text-halo-width": 3
            }
        }
    ],
    "created": "2016-11-02T14:01:03.424Z",
    "id": "civ0zr8hf01kh2jl83g7jv4jk",
    "modified": "2017-08-29T15:03:22.584Z",
    "owner": "severak",
    "visibility": "private",
    "draft": false
}