{
    "version": 8,
    "name": "Vincent",
    "metadata": {"mapbox:autocomposite": true, "mapbox:type": "template"},
    "center": [14.5264928591223, 50.15814610832575],
    "zoom": 9.849635980416819,
    "bearing": 0,
    "pitch": 0,
    "sources": {
        "composite": {
            "url": "mapbox://mapbox.mapbox-streets-v7,mapbox.mapbox-terrain-v2",
            "type": "vector"
        }
    },
    "sprite": "mapbox://sprites/severak/cj7evyrfs214v2spdvlhcqfmi",
    "glyphs": "mapbox://fonts/severak/{fontstack}/{range}.pbf",
    "layers": [
        {
            "id": "background",
            "type": "background",
            "paint": {"background-color": "#eee8d5"}
        },
        {
            "id": "wood",
            "type": "fill",
            "source": "composite",
            "source-layer": "landuse",
            "filter": ["==", "class", "wood"],
            "layout": {"visibility": "visible"},
            "paint": {"fill-color": "#CAEDAB"}
        },
        {
            "id": "hillshade",
            "type": "fill",
            "source": "composite",
            "source-layer": "hillshade",
            "layout": {"visibility": "visible"},
            "paint": {"fill-opacity": 0.05}
        },
        {
            "id": "waterway",
            "type": "line",
            "source": "composite",
            "source-layer": "waterway",
            "layout": {"visibility": "visible"},
            "paint": {"line-color": "#7BAFDE"}
        },
        {
            "id": "water",
            "type": "fill",
            "source": "composite",
            "source-layer": "water",
            "filter": ["in", "$type", "LineString", "Polygon"],
            "layout": {"visibility": "visible"},
            "paint": {"fill-color": "#7BAFDE"}
        },
        {
            "id": "road",
            "type": "line",
            "source": "composite",
            "source-layer": "road",
            "filter": [
                "all",
                ["==", "$type", "LineString"],
                [
                    "all",
                    ["!in", "structure", "", "tunnel"],
                    [
                        "in",
                        "class",
                        "",
                        "link",
                        "motorway",
                        "motorway_link",
                        "primary",
                        "secondary",
                        "tertiary",
                        "trunk"
                    ]
                ]
            ],
            "layout": {"visibility": "visible"},
            "paint": {"line-color": "#F6C141", "line-width": 2}
        },
        {
            "id": "street",
            "type": "line",
            "source": "composite",
            "source-layer": "road",
            "filter": [
                "all",
                ["!=", "structure", "tunnel"],
                ["==", "class", "street"]
            ],
            "layout": {"visibility": "visible"},
            "paint": {"line-color": "#F6C141"}
        },
        {
            "id": "rail",
            "type": "line",
            "source": "composite",
            "source-layer": "road",
            "filter": [
                "all",
                ["!in", "structure", "", "tunnel"],
                ["in", "type", "", "rail"]
            ],
            "layout": {"visibility": "visible"},
            "paint": {}
        },
        {
            "id": "building",
            "type": "fill",
            "source": "composite",
            "source-layer": "building",
            "minzoom": 15,
            "layout": {"visibility": "visible"},
            "paint": {"fill-color": "#D6C1DE"}
        },
        {
            "id": "admin",
            "type": "line",
            "source": "composite",
            "source-layer": "admin",
            "filter": [
                "all",
                ["==", "admin_level", 2],
                ["==", "disputed", 0],
                ["==", "maritime", 0]
            ],
            "layout": {"visibility": "visible"},
            "paint": {
                "line-color": "#882E72",
                "line-width": 3,
                "line-gap-width": 0,
                "line-dasharray": [2, 2]
            }
        },
        {
            "id": "place-label",
            "type": "symbol",
            "source": "composite",
            "source-layer": "place_label",
            "layout": {
                "visibility": "visible",
                "text-field": "{name}",
                "text-size": 13,
                "text-font": ["Gidole Regular"]
            },
            "paint": {"text-halo-color": "#eee8d5", "text-halo-width": 2}
        }
    ],
    "created": "2017-09-10T15:20:10.608Z",
    "id": "cj7evyrfs214v2spdvlhcqfmi",
    "modified": "2017-09-12T11:43:46.199Z",
    "owner": "severak",
    "visibility": "private",
    "draft": false
}